{"cameraMode":{"drawMode":0,"name":"Shaded","section":"Shading Mode"},"sceneLighting":false,"audioPlay":false,"sceneViewState":{"showFog":false,"showMaterialUpdate":false,"showSkybox":false,"showFlares":false,"showImageEffects":true,"showParticleSystems":true},"in2DMode":false,"pivot":{"x":-0.9561212062835693,"y":3.891420841217041,"z":2.985787868499756},"rotation":{"x":-0.3008368909358978,"y":0.4898872673511505,"z":-0.18489991128444673,"w":-0.7970738410949707},"size":18.46624183654785,"orthographic":false}