{"cameraMode":{"drawMode":0,"name":"Shaded","section":"Shading Mode"},"sceneLighting":false,"audioPlay":false,"sceneViewState":{"showFog":false,"showMaterialUpdate":false,"showSkybox":false,"showFlares":false,"showImageEffects":true,"showParticleSystems":true},"in2DMode":false,"pivot":{"x":-10.571189880371094,"y":-7.202308654785156,"z":13.838769912719727},"rotation":{"x":0.237480029463768,"y":-0.23808173835277558,"z":0.060158684849739078,"w":0.939842164516449},"size":17.668270111083986,"orthographic":false}