{"cameraMode":{"drawMode":0,"name":"Shaded","section":"Shading Mode"},"sceneLighting":false,"audioPlay":false,"sceneViewState":{"showFog":false,"showMaterialUpdate":false,"showSkybox":false,"showFlares":false,"showImageEffects":false,"showParticleSystems":false},"in2DMode":false,"pivot":{"x":-12.619438171386719,"y":-6.408538818359375,"z":14.795452117919922},"rotation":{"x":0.11607052385807038,"y":-0.32159632444381716,"z":0.0397571362555027,"w":0.938899040222168},"size":20.12116241455078,"orthographic":false}