{"cameraMode":{"drawMode":0,"name":"Shaded","section":"Shading Mode"},"sceneLighting":false,"audioPlay":false,"sceneViewState":{"showFog":false,"showMaterialUpdate":false,"showSkybox":false,"showFlares":false,"showImageEffects":true,"showParticleSystems":true},"in2DMode":false,"pivot":{"x":-0.45215511322021487,"y":7.568029403686523,"z":2.079529047012329},"rotation":{"x":-0.15437527000904084,"y":0.8438910841941834,"z":-0.33248043060302737,"w":-0.391836017370224},"size":13.508987426757813,"orthographic":false}